大久保 美砂,daikonkara@takuan.ne.jp,たくあん株式会社,開発部,サーバーサイドエンジニア
深沢 勝許,ninzin@sirisiri.org,しりしり株式会社,開発部,PM
矢島秀司,yazima2006@mail.goo.ne.jp,株式会社ピーマン,人事部,人事
深沢 勝許,WSkh0731@example.org,株式会社にんじん,開発部,フロントエンドエンジニア
東 顕太郎,azuma@pikurusu.com,株式会社ピクルス,開発部,フロントエンドエンジニア
谷川 貞久,tanikawa@example.jp,赤い丸株式会社,人事部,人事
田代竹義,tashiro@test.jp,一本漬け株式会社,開発部,サーバーサイドエンジニア
梶原 家継,kaziwara@neginegi.com,九条ねぎ株式会社,開発部,PM
深沢 勝許,hukazawa@example.com,株式会社にんじん,営業部,法人営業
梶原 家継,itg_kzhr@example.ne.jp,株式会社ねぎ,広報部,広報
梶原家継,zituha@naganegi.ne.jp,ながねぎ株式会社,企画部,商品企画
東 顕太郎,kntru-azm@odn.ne.jp,パプリカ株式会社,営業部,コンサルタント
大久保 美砂,ookubo_misa@sakura.ne.jp,株式会社だいこん,開発部,PM
深沢 勝許,WSKH0731@example.org,株式会社にんじん,開発部,フロントエンドエンジニア
田代 竹義,takeyosi@asazuke.jp,株式会社浅漬け,営業部,法人営業
矢島 秀司,yazima2006@nikuzume.ne.jp,肉詰め株式会社,広報部,広報
深沢 勝許,wskh0731@example.org,株式会社にんじん,開発部,フロントエンドエンジニア
須藤 督彦,tkhk0908@sakura.ne.jp,なす株式会社,総務部,商品企画
谷川 貞久,awakinat1981@plala.or.jp,とまと株式会社,開発部,サーバーサイドエンジニア
川野 永基,kouno1986@gmail.com,株式会社かぶ,開発部,フロントエンドエンジニア
梶原 家継,itg_kzhr@example.ne.jp,株式会社ねぎ,広報部,広報
須藤 督彦,tkhk0908@sakura.ne.jp,なす株式会社,総務部,商品企画
川野 永基,kabumo@takuan.com,株式会社たくあん,開発部,PM
川野 永基,kabumo@takuan.com,株式会社たくあん,開発部,PM
田代 竹義,takeyosi@scuba-diver.jp,株式会社きゅうり,営業部,個人営業
大久保 美砂,ookubo_misa@sakura.ne.jp,株式会社だいこん,開発部,PM
東 顕太郎,kntru-azm@odn.ne.jp,パプリカ株式会社,営業部,コンサルタント
梶原家継,itg_kzhr@example.ne.jp,株式会社ねぎ,広報部,広報
東 顕太郎,kntru-azm@paeria.ne.jp,株式会社パエリア,営業部,法人営業
谷川 貞久,awakinat1981@plala.or.jp,とまと株式会社,開発部,サーバーサイドエンジニア
石橋 直志,sobaniha@yakumi.jp,やくみ株式会社,営業部,コンサルタント
石橋 直志,tadasi_isibasi@infoseek.jp,みょうが株式会社,営業部,法人営業
矢島 秀司,yazima2006@mail.goo.ne.jp,株式会社ピーマン,人事部,人事
大久保 美砂,ookubo_misa@sakura.ne.jp,株式会社だいこん,開発部,PM
谷川 貞久,awakinat@capreze.or.jp,カプレーゼ株式会社,開発部,フロントエンドエンジニア
大久保 美砂,daikonkara@takuan.ne.jp,たくあん株式会社,開発部,サーバーサイドエンジニア
深沢 勝許,wskh0731@example.org,株式会社にんじん,開発部,フロントエンドエンジニア
矢島秀司,yazima2006@mail.goo.ne.jp,株式会社ピーマン,人事部,人事
谷川貞久,awakinat1981@plala.or.jp,とまと株式会社,開発部,サーバーサイドエンジニア
田代 竹義,takeyosi@scuba-diver.jp,株式会社きゅうり,営業部,個人営業
